<?xml version="1.0" encoding="UTF-8" standalone="yes"?>
<addon id="repository.thekodz" name="The Kodz Repository 2" version="2.0.0" provider-name="Mr. Kodz">
	<extension point="xbmc.addon.repository">
		<info compressed="false">https://raw.githubusercontent.com/mrkodz2/mrkodz2.github.io/master/plugins/addons.xml</info>
		<checksum>https://raw.githubusercontent.com/mrkodz2/mrkodz2.github.io/master/plugins/addons.xml.md5</checksum>
		<datadir zip="true">https://raw.githubusercontent.com/mrkodz2/mrkodz2.github.io/master/plugins</datadir>
	</extension>
	<extension point="xbmc.addon.metadata">
		<summary>The KodZ Repository</summary>
		<description></description>
		<platform>all</platform>
	</extension>
</addon>
